{
    "workflowName": "bwa_index",
    "workflowProcessingEvents": [
        {
            "cromwellId": "cromid-54de9dc",
            "description": "Finished",
            "timestamp": "2020-01-22T01:19:14.666Z",
            "cromwellVersion": "47"
        },
        {
            "cromwellId": "cromid-54de9dc",
            "description": "PickedUp",
            "timestamp": "2020-01-22T01:16:14.433Z",
            "cromwellVersion": "47"
        }
    ],
    "actualWorkflowLanguageVersion": "1.0",
    "submittedFiles": {
        "workflow": "version 1.0\n\n\nimport \"../structs/bwa_struct.wdl\"\n\n\ntask index {\n    input {\n        File fasta\n    }\n\n    command {\n        bwa index ~{fasta}\n    }\n\n    output {\n        BWAIndex bwa_index = {\n            \"fasta\": fasta,\n            \"amb\": fasta,\n            \"ann\": fasta,\n            \"bwt\": fasta,\n            \"pac\": fasta,\n            \"sa\": fasta\n        }\n    }\n}\n\n\nworkflow bwa_index {\n    input {\n        File fasta\n    }\n    call index {\n        input:\n            fasta=fasta\n    }\n}\n",
        "root": "",
        "options": "{\n  \"backend\": \"Local\",\n  \"default_runtime_attributes\": {\n    \"docker\": \"quay.io/encode-dcc/dnase-seq-pipeline:mytag\",\n    \"maxRetries\": 1\n  }\n}",
        "inputs": "{\n    \"bwa_index.fasta\": \"/Users/keenan/Desktop/projects/github/dnase-seq-pipeline/test_data/ref\"\n}\n",
        "workflowUrl": "/Users/keenan/Desktop/projects/github/dnase-seq-pipeline/wdl/tasks/bwa.wdl",
        "labels": "{\n    \"caper-backend\": \"Local\",\n    \"caper-str-label\": \"test1\",\n    \"caper-user\": \"keenan\"\n}"
    },
    "calls": {
        "bwa_index.index": [
            {
                "retryableFailure": true,
                "executionStatus": "RetryableFailure",
                "stdout": "/Users/keenan/Desktop/projects/github/dnase-seq-pipeline/wdl/tasks/bwa_index/8c83facc-602e-47ec-a653-2511617a7a31/call-index/execution/stdout",
                "backendStatus": "Done",
                "commandLine": "bwa index /cromwell-executions/bwa_index/8c83facc-602e-47ec-a653-2511617a7a31/call-index/inputs/68288367/ref",
                "shardIndex": -1,
                "runtimeAttributes": {
                    "docker": "quay.io/encode-dcc/dnase-seq-pipeline:mytag",
                    "failOnStderr": "false",
                    "maxRetries": "1",
                    "continueOnReturnCode": "0"
                },
                "callCaching": {
                    "hashFailures": [
                        {
                            "causedBy": [],
                            "message": "Is a directory"
                        }
                    ],
                    "allowResultReuse": false,
                    "hit": false,
                    "result": "Cache Miss",
                    "effectiveCallCachingMode": "CallCachingOff"
                },
                "inputs": {
                    "fasta": "/Users/keenan/Desktop/projects/github/dnase-seq-pipeline/test_data/ref"
                },
                "returnCode": 1,
                "failures": [
                    {
                        "causedBy": [],
                        "message": "Job bwa_index.index:NA:1 exited with return code 1 which has not been declared as a valid return code. See 'continueOnReturnCode' runtime attribute for more details."
                    }
                ],
                "jobId": "33105",
                "backend": "Local",
                "end": "2020-01-22T01:18:58.951Z",
                "stderr": "/Users/keenan/Desktop/projects/github/dnase-seq-pipeline/wdl/tasks/bwa_index/8c83facc-602e-47ec-a653-2511617a7a31/call-index/execution/stderr",
                "callRoot": "/Users/keenan/Desktop/projects/github/dnase-seq-pipeline/wdl/tasks/bwa_index/8c83facc-602e-47ec-a653-2511617a7a31/call-index",
                "attempt": 1,
                "executionEvents": [
                    {
                        "endTime": "2020-01-22T01:16:19.474Z",
                        "startTime": "2020-01-22T01:16:18.301Z",
                        "description": "PreparingJob"
                    },
                    {
                        "startTime": "2020-01-22T01:16:19.553Z",
                        "endTime": "2020-01-22T01:18:58.950Z",
                        "description": "RunningJob"
                    },
                    {
                        "startTime": "2020-01-22T01:16:19.474Z",
                        "endTime": "2020-01-22T01:16:19.553Z",
                        "description": "CallCacheReading"
                    },
                    {
                        "startTime": "2020-01-22T01:18:58.950Z",
                        "endTime": "2020-01-22T01:18:58.951Z",
                        "description": "UpdatingJobStore"
                    },
                    {
                        "endTime": "2020-01-22T01:16:18.301Z",
                        "startTime": "2020-01-22T01:16:18.292Z",
                        "description": "WaitingForValueStore"
                    },
                    {
                        "startTime": "2020-01-22T01:16:18.183Z",
                        "endTime": "2020-01-22T01:16:18.292Z",
                        "description": "RequestingExecutionToken"
                    },
                    {
                        "startTime": "2020-01-22T01:16:18.155Z",
                        "description": "Pending",
                        "endTime": "2020-01-22T01:16:18.183Z"
                    }
                ],
                "start": "2020-01-22T01:16:18.135Z"
            },
            {
                "retryableFailure": false,
                "executionStatus": "Failed",
                "stdout": "/Users/keenan/Desktop/projects/github/dnase-seq-pipeline/wdl/tasks/bwa_index/8c83facc-602e-47ec-a653-2511617a7a31/call-index/attempt-2/execution/stdout",
                "backendStatus": "Done",
                "commandLine": "bwa index /cromwell-executions/bwa_index/8c83facc-602e-47ec-a653-2511617a7a31/call-index/attempt-2/inputs/68288367/ref",
                "shardIndex": -1,
                "runtimeAttributes": {
                    "docker": "quay.io/encode-dcc/dnase-seq-pipeline:mytag",
                    "failOnStderr": "false",
                    "maxRetries": "1",
                    "continueOnReturnCode": "0"
                },
                "callCaching": {
                    "effectiveCallCachingMode": "CallCachingOff",
                    "allowResultReuse": false,
                    "hashFailures": [
                        {
                            "causedBy": [],
                            "message": "Is a directory"
                        }
                    ],
                    "hit": false
                },
                "inputs": {
                    "fasta": "/Users/keenan/Desktop/projects/github/dnase-seq-pipeline/test_data/ref"
                },
                "returnCode": 1,
                "failures": [
                    {
                        "message": "Job bwa_index.index:NA:2 exited with return code 1 which has not been declared as a valid return code. See 'continueOnReturnCode' runtime attribute for more details.",
                        "causedBy": []
                    }
                ],
                "jobId": "33117",
                "backend": "Local",
                "end": "2020-01-22T01:19:13.715Z",
                "stderr": "/Users/keenan/Desktop/projects/github/dnase-seq-pipeline/wdl/tasks/bwa_index/8c83facc-602e-47ec-a653-2511617a7a31/call-index/attempt-2/execution/stderr",
                "callRoot": "/Users/keenan/Desktop/projects/github/dnase-seq-pipeline/wdl/tasks/bwa_index/8c83facc-602e-47ec-a653-2511617a7a31/call-index/attempt-2",
                "attempt": 2,
                "executionEvents": [
                    {
                        "startTime": "2020-01-22T01:19:00.281Z",
                        "endTime": "2020-01-22T01:19:00.282Z",
                        "description": "WaitingForValueStore"
                    },
                    {
                        "startTime": "2020-01-22T01:19:13.715Z",
                        "description": "UpdatingJobStore",
                        "endTime": "2020-01-22T01:19:13.715Z"
                    },
                    {
                        "startTime": "2020-01-22T01:19:00.282Z",
                        "endTime": "2020-01-22T01:19:00.286Z",
                        "description": "PreparingJob"
                    },
                    {
                        "startTime": "2020-01-22T01:18:59.303Z",
                        "description": "Pending",
                        "endTime": "2020-01-22T01:18:59.304Z"
                    },
                    {
                        "startTime": "2020-01-22T01:19:00.286Z",
                        "endTime": "2020-01-22T01:19:13.715Z",
                        "description": "RunningJob"
                    },
                    {
                        "startTime": "2020-01-22T01:18:59.304Z",
                        "description": "RequestingExecutionToken",
                        "endTime": "2020-01-22T01:19:00.281Z"
                    }
                ],
                "start": "2020-01-22T01:18:59.302Z"
            }
        ]
    },
    "outputs": {},
    "workflowRoot": "/Users/keenan/Desktop/projects/github/dnase-seq-pipeline/wdl/tasks/bwa_index/8c83facc-602e-47ec-a653-2511617a7a31",
    "actualWorkflowLanguage": "WDL",
    "id": "8c83facc-602e-47ec-a653-2511617a7a31",
    "inputs": {
        "fasta": "/Users/keenan/Desktop/projects/github/dnase-seq-pipeline/test_data/ref"
    },
    "labels": {
        "caper-str-label": "test1",
        "caper-backend": "Local",
        "caper-user": "keenan",
        "cromwell-workflow-id": "cromwell-8c83facc-602e-47ec-a653-2511617a7a31"
    },
    "submission": "2020-01-22T01:16:14.355Z",
    "status": "Failed",
    "failures": [
        {
            "causedBy": [
                {
                    "causedBy": [],
                    "message": "Job bwa_index.index:NA:2 exited with return code 1 which has not been declared as a valid return code. See 'continueOnReturnCode' runtime attribute for more details."
                }
            ],
            "message": "Workflow failed"
        }
    ],
    "end": "2020-01-22T01:19:14.664Z",
    "start": "2020-01-22T01:16:14.500Z"
}